評等日期,公司代碼,券商,原評等,升/降,新評等,財測EPS(年度),舊目標價,新目標價,現價,備註
20200929,5269-祥碩,美系券商,加碼,重申,加碼,,,2250.0,737.0,--
20200922,2354-鴻準,美系券商,買進,降級,中立,,62.0,55.0,54.5,--
20200922,3034-聯詠,亞系券商,中立,升級,買進,,327.0,297.0,185.0,--
20200918,6213-聯茂,美系券商,無,首次,買進,,,165.0,143.0,--
20200917,3037-欣興,美系券商,買進,重申,買進,,,155.0,38.1,--
20200916,6147-頎邦,美系券商,中立,升級,買進,,60.0,73.0,56.0,--
20200915,2303-聯電,亞系券商,中立,升級,加碼,,22.8,28.5,15.05,--
20200914,2345-智邦,美系券商,無,首次,超越市場表現,,,280.0,206.0,--
20200910,2382-廣達,亞系券商,無,首次,超越市場表現,,,88.0,62.8,--
20200908,3008-大立光,亞系券商,超越市場表現,重申,超越市場表現,,,4755.0,3850.0,--
20200908,2327-國巨,美系券商,加碼,重申,加碼,,,465.0,339.5,--
20200907,3665-F-貿聯,亞系券商,無,首次,持有,,,220.0,179.5,--
20200907,3008-大立光,美系券商,無,首次,買進,,,4350.0,3850.0,--
20200903,3005-神基,亞系券商,無,首次,買進,,,60.0,44.1,--
20200903,2377-微星,美系券商,加碼,重申,加碼,,,180.0,93.0,--
20200902,2377-微星,美系券商,買進,重申,買進,,,171.0,93.0,--
20200901,6285-啟碁,美系券商,無,首次,買進,,,115.0,60.2,--
20200901,2377-微星,美系券商,無,首次,加碼,,,180.0,93.0,--
20200901,5269-祥碩,美系券商,買進,重申,買進,,1765.0,2200.0,737.0,--
20200828,3034-聯詠,美系券商,中立,重申,中立,,330.0,275.0,185.0,--
20200828,9938-百和,美系券商,加碼,重申,加碼,,,85.0,62.8,--
20200828,9938-百和,亞系券商,超越市場表現,重申,超越市場表現,,75.0,89.0,62.8,--
20200826,2454-聯發科,美系券商,加碼,重申,加碼,,880.0,690.0,368.0,--
20200826,2474-可成,亞系券商,低於市場表現,重申,低於市場表現,,,171.0,217.0,--
20200826,2474-可成,歐系券商,中立,重申,中立,,,200.0,217.0,--
20200821,3665-F-貿聯,美系券商,買進,重申,買進,,,275.0,179.5,--
20200821,2454-聯發科,亞系券商,買進,重申,買進,,860.0,700.0,368.0,--
20200819,2474-可成,歐系券商,中立,重申,中立,,,200.0,217.0,--
20200819,2474-可成,亞系券商,低於市場表現,重申,低於市場表現,,,190.0,217.0,--
20200818,2474-可成,亞系券商,低於市場表現,重申,低於市場表現,,,171.0,217.0,--
20200818,2376-技嘉,美系券商,--,首次,超越市場表現,,,105.0,53.2,--
20200818,5457-宣德,美系券商,無,首次,超越市場表現,,,200.0,65.1,--
20200818,2454-聯發科,歐系券商,無,首次,中立,,800.0,720.0,368.0,--
20200818,2454-聯發科,美系券商,買進,重申,買進,,825.0,750.0,368.0,--
20200814,6415-F-矽力,美系券商,買進,降級,買進,,1500.0,1850.0,1200.0,--
20200814,4938-和碩,美系券商,--,首次,超越市場表現,,,74.0,65.1,--
20200814,4938-和碩,亞系券商,持有,重申,持有,,,60.0,65.1,--
20200814,2454-聯發科,美系券商,買進,降級,中立,,,725.0,368.0,--
20200814,6121-新普,美系券商,--,首次,買進,,,360.0,298.0,--
20200803,2383-台光電,亞系券商,買進,重申,買進,,,211.0,123.0,--
20200720,6488-,美系券商,買進,重申,買進,,480.0,577.0,379.5,--
20200720,3037-欣興,亞系券商,買進,重申,買進,,55.0,68.0,38.1,--
20200720,3231-緯創,美系券商,減碼,升級,中立,,21.0,35.0,26.05,--
20200717,2449-京元電,亞系券商,賣出,重申,超越市場表現,,25.0,38.0,35.6,--
20200716,3105-穩懋,亞系券商,賣出,升級,買進,,188.0,400.0,274.0,--
20200716,6456-GIS-KY,亞系券商,中立,升級,買進,,83.0,140.0,87.4,--
20200716,9910-豐泰,亞系券商,持有,升級,買進,,143.0,197.0,146.0,--
20200716,4966-F-譜瑞,亞系券商,買進,重申,買進,,840.0,1260.0,692.0,--
20200715,9910-豐泰,歐系券商,中立,升級,超越市場表現,,136.0,200.0,146.0,--
20200715,1477-聚陽,美系券商,加碼,重申,加碼,,205.0,215.0,116.5,--
20200715,2330-台積電,亞系券商,買進,重申,買進,,330.0,425.0,306.5,--
20200714,2383-台光電,美系券商,加碼,重申,加碼,,145.0,172.0,123.0,--
20200714,2330-台積電,亞系券商,超越市場表現,升級,強力買進,,315.0,500.0,306.5,--
20200713,9921-巨大,亞系券商,買進,重申,買進,,230.0,340.0,141.5,--
20200713,9914-美利達,亞系券商,買進,重申,買進,,193.0,260.0,123.0,--
20200709,2379-瑞昱,歐系券商,超越市場表現,重申,超越市場表現,,300.0,415.0,230.5,--
20200709,2454-聯發科,美系券商,加碼,重申,加碼,,530.0,750.0,368.0,--
20200708,2330-台積電,美系券商,加碼,重申,加碼,,341.0,375.0,306.5,--
20200708,2049-上銀,亞系券商,買進,重申,買進,,365.0,418.0,245.0,--
20200708,2379-瑞昱,美系券商,無,首次,加碼,,,380.0,230.5,--
20200707,2049-上銀,亞系券商,加碼,重申,加碼,,330.0,380.0,245.0,--
20200707,2049-上銀,美系券商,加碼,重申,加碼,,,400.0,245.0,--
20200707,1590-F-亞德,亞系券商,中立,升級,買進,,560.0,610.0,497.0,--
20200703,2379-瑞昱,美系券商,加碼,重申,加碼,,322.0,377.0,230.5,--
20200702,6488-,歐系券商,超越市場表現,降級,中立,,450.0,400.0,379.5,--
20200701,8464-,美系券商,買進,重申,買進,,260.0,360.0,210.5,--
20200630,9914-美利達,美系券商,--,首次,買進,,,240.0,123.0,--
20200630,9914-美利達,歐系券商,--,首次,買進,,,240.0,123.0,--
20200624,3406-玉晶光,美系券商,無,首次,買進,,,810.0,465.5,--
20200623,3406-玉晶光,美系券商,加碼,重申,加碼,,650.0,829.0,465.5,--
20200623,2327-國巨,美系券商,買進,重申,買進,,,540.0,339.5,--
20200619,2454-聯發科,亞系券商,買進,重申,買進,,440.0,700.0,368.0,--
20200609,2330-台積電,亞系券商,超越市場表現,重申,超越市場表現,,296.0,315.0,306.5,--
20200605,2454-聯發科,亞系券商,持有,升級,買進,,311.0,675.0,368.0,--
20200604,2351-順德,亞系券商,無,首次,買進,,,60.0,44.9,--
20200604,4551-智伸科,亞系券商,買進,重申,買進,,180.0,180.0,133.0,--
20200604,3023-信邦,亞系券商,買進,重申,買進,,160.0,195.0,127.0,--
20200604,3665-F-貿聯,亞系券商,低於市場表現,重申,低於市場表現,,180.0,195.0,179.5,--
20200604,3661-F-世芯,亞系券商,無,首次,買進,,,435.0,238.0,--
20200604,1319-東陽,亞系券商,無,首次,買進,,,45.0,33.7,--
20200603,2454-聯發科,美系券商,加碼,重申,加碼,,470.0,536.0,368.0,--
20200603,2454-聯發科,亞系券商,超越市場表現,重申,超越市場表現,,538.0,565.0,368.0,--
20200601,2337-旺宏,美系券商,中立,降級,減碼,,32.0,26.5,31.3,--
20200601,2344-華邦電,美系券商,中立,降級,減碼,,12.5,11.5,13.3,--
20200601,3037-欣興,美系券商,--,首次,買進,,,66.0,38.1,--
20200529,5274-信驊,美系券商,買進,重申,買進,,1450.0,1800.0,1085.0,--
20200529,1536-和大,美系券商,中立,降級,減碼,,85.0,75.0,86.7,--
20200528,2454-聯發科,美系券商,加碼,重申,加碼,,450.0,530.0,368.0,--
20200528,2330-台積電,亞系券商,超越市場表現,重申,超越市場表現,,296.0,296.0,306.5,--
20200527,2330-台積電,美系券商,買進,重申,買進,,327.0,333.0,306.5,--
20200527,6176-瑞儀,亞系券商,加碼,重申,加碼,,118.0,125.0,92.8,--
20200527,2337-旺宏,美系券商,--,首次,加碼,,,41.0,31.3,--
20200526,6415-F-矽力,美系券商,加碼,重申,加碼,,1500.0,1500.0,1200.0,--
20200526,2049-上銀,亞系券商,買進,重申,買進,,,365.0,245.0,--
20200525,6488-,歐系券商,中立,降級,賣出,,400.0,300.0,379.5,--
20200520,2474-可成,歐系券商,超越市場表現,降級,中立,,245.0,200.0,217.0,--
20200520,6415-F-矽力,亞系券商,買進,降級,賣出,,1212.0,900.0,1200.0,--
20200520,3105-穩懋,美系券商,中立,降級,減碼,,285.0,225.0,274.0,--
20200520,3105-穩懋,歐系券商,超越市場表現,降級,中立,,350.0,255.0,274.0,--
20200519,2454-聯發科,歐系券商,超越市場表現,重申,超越市場表現,,430.0,500.0,368.0,--
20200519,2454-聯發科,美系券商,中立,升級,加碼,,378.0,470.0,368.0,--
20200518,3034-聯詠,亞系券商,買進,降級,中立,,225.0,195.0,185.0,--
20200518,1301-台塑,亞系券商,減碼,升級,買進,,60.0,97.0,83.2,--
20200515,2345-智邦,歐系券商,超越市場表現,重申,超越市場表現,,200.0,240.0,206.0,--
20200515,6415-F-矽力,亞系券商,買進,重申,買進,,991.0,1503.0,1200.0,--
20200515,6415-F-矽力,美系券商,加碼,重申,加碼,,1300.0,1500.0,1200.0,--
20200514,2448-晶電,歐系券商,中立,降級,低於市場表現,,28.0,32.0,32.6,--
20200513,6147-頎邦,美系券商,買進,降級,賣出,,52.0,55.0,56.0,--
20200513,2379-瑞昱,亞系券商,持有,升級,超越市場表現,,235.0,275.0,230.5,--
20200513,2379-瑞昱,美系券商,加碼,重申,加碼,,,260.0,230.5,--
20200512,1476-儒鴻,亞系券商,買進,降級,中立,,411.0,304.0,280.0,--
20200511,1476-儒鴻,亞系券商,買進,降級,超越市場表現,,392.0,305.0,280.0,--
20200511,2313-華通,亞系券商,買進,重申,買進,,42.0,55.0,35.4,--
20200511,3037-欣興,亞系券商,買進,重申,買進,,43.0,55.0,38.1,--
20200507,6213-聯茂,美系券商,買進,重申,買進,,,176.0,143.0,--
20200507,6213-聯茂,亞系券商,買進,重申,買進,,161.0,170.0,143.0,--
20200507,6274-台燿,亞系券商,買進,重申,買進,,138.0,165.0,129.0,--
20200507,6274-台燿,美系券商,買進,重申,買進,,,140.0,129.0,--
20200506,6274-台燿,美系券商,買進,重申,買進,,140.0,155.0,129.0,--
20200506,2327-國巨,美系券商,加碼,重申,加碼,,545.0,570.0,339.5,--
20200506,2327-國巨,亞系券商,中立,重申,中立,,400.0,450.0,339.5,--
20200506,8436-大江,亞系券商,持有,升級,買進,,190.0,295.0,233.5,--
20200506,2409-友達,歐系券商,超越市場表現,重申,超越市場表現,,252.0,320.0,7.37,--
20200506,2409-友達,亞系券商,持有,升級,買進,,272.0,336.0,7.37,--
20200506,2454-聯發科,美系券商,加碼,重申,加碼,,,450.0,368.0,--
20200430,2458-義隆,歐系券商,超越市場表現,重申,超越市場表現,,100.0,110.0,92.7,--
20200430,2345-智邦,亞系券商,超越市場表現,降級,中立,,,199.0,206.0,--
20200429,5347-世界,亞系券商,減碼,重申,減碼,,64.0,57.0,68.2,--
20200429,5347-世界,美系券商,減碼,重申,減碼,,66.0,66.0,68.2,--
20200428,2330-台積電,亞系券商,買進,降級,中立,,310.0,310.0,306.5,--
20200428,6488-,亞系券商,買進,降級,中立,,450.0,385.0,379.5,--
20200428,3105-穩懋,亞系券商,買進,降級,減碼,,370.0,200.0,274.0,--
20200428,2454-聯發科,亞系券商,買進,重申,買進,,465.0,440.0,368.0,--
20200427,2454-聯發科,亞系券商,買進,重申,買進,,465.0,440.0,368.0,--
20200427,3034-聯詠,亞系券商,持有,降級,減碼,,193.0,144.0,185.0,--
20200424,6462-,歐系券商,超越市場表現,降級,中立,,195.0,160.0,161.0,--
20200424,6462-,美系券商,中立,降級,減碼,,145.0,139.0,161.0,--
20200423,8046-南電,亞系券商,買進,降級,低於市場表現,,57.0,68.0,64.5,--
20200422,2454-聯發科,亞系券商,買進,降級,持有,,437.0,300.0,368.0,--
20200422,8406-F-金可,亞系券商,超越市場表現,重申,超越市場表現,,160.0,160.0,141.0,--
20200422,8406-F-金可,美系券商,中立,重申,中立,,150.0,150.0,141.0,--
20200421,8406-F-金可,亞系券商,低於市場表現,重申,低於市場表現,,153.0,116.0,141.0,--
20200421,3406-玉晶光,美系券商,加碼,重申,加碼,,670.0,650.0,465.5,--
20200421,2379-瑞昱,亞系券商,賣出,升級,買進,,225.0,260.0,230.5,--
20200420,8436-大江,歐系券商,中立,重申,中立,,265.0,245.0,233.5,--
20200420,2379-瑞昱,亞系券商,賣出,升級,買進,,225.0,260.0,230.5,--
20200417,2330-台積電,美系券商,買進,重申,買進,,,327.0,306.5,--
20200417,2330-台積電,亞系券商,中立,重申,中立,,289.0,279.0,306.5,--
20200416,4958-F-臻鼎,歐系券商,買進,重申,買進,,,130.0,102.5,--
20200416,6415-F-矽力,美系券商,無,首次,加碼,,,1300.0,1200.0,--
20200415,6415-F-矽力,美系券商,-,首次,加碼,,,1300.0,1200.0,--
20200414,6147-頎邦,美系券商,中立,重申,中立,,56.0,50.0,56.0,--
20200414,3034-聯詠,美系券商,減碼,重申,減碼,,170.0,165.0,185.0,--
20200414,5347-世界,美系券商,中立,升級,買進,,79.0,75.0,68.2,--
20200413,2330-台積電,美系券商,買進,重申,買進,,,305.0,306.5,--
20200410,3037-欣興,美系券商,加碼,重申,加碼,,,60.0,38.1,--
20200409,3037-欣興,美系券商,加碼,重申,加碼,,,60.0,38.1,--
20200408,3008-大立光,美系券商,買進,重申,買進,,4150.0,4290.0,3850.0,--
20200407,3008-大立光,美系券商,加碼,重申,加碼,,,4400.0,3850.0,--
20200407,6213-聯茂,美系券商,買進,重申,買進,,155.0,176.0,143.0,--
20200407,2317-鴻海,美系券商,買進,重申,買進,,,90.0,75.8,--
20200407,2317-鴻海,亞系券商,超越市場表現,重申,超越市場表現,,,82.0,75.8,--
20200401,2330-台積電,美系券商,加碼,重申,加碼,,335.0,325.0,306.5,--
20200331,2376-技嘉,歐系券商,中立,升級,超越市場表現,,49.0,56.0,53.2,--
20200331,2317-鴻海,亞系券商,買進,降級,中立,,100.0,75.0,75.8,--
20200330,2317-鴻海,亞系券商,超越市場表現,降級,超越市場表現,,92.0,82.0,75.8,--
20200327,6176-瑞儀,美系券商,加碼,重申,加碼,,143.0,118.0,92.8,--
20200327,6176-瑞儀,歐系券商,中立,重申,中立,,126.0,90.0,92.8,--
20200327,8406-F-金可,歐系券商,超越市場表現,重申,超越市場表現,,265.0,200.0,141.0,--
20200325,2330-台積電,亞系券商,買進,重申,買進,,395.0,310.0,306.5,--
20200325,2330-台積電,美系券商,買進,重申,買進,,350.0,320.0,306.5,--
20200324,2330-台積電,美系券商,加碼,重申,加碼,,338.0,338.0,306.5,--
20200324,3008-大立光,美系券商,買進,重申,買進,,5500.0,4150.0,3850.0,--
20200319,8406-F-金可,美系券商,加碼,降級,中立,,215.0,150.0,141.0,--
20200319,1565-精華,美系券商,減碼,重申,減碼,,292.0,270.0,328.0,--
20200316,2330-台積電,亞系券商,超越市場表現,重申,超越市場表現,,380.0,336.0,306.5,--
20200313,2330-台積電,美系券商,買進,重申,買進,,365.0,350.0,306.5,--
20200312,2330-台積電,美系券商,加碼,重申,加碼,,370.0,335.0,306.5,--
20200311,2474-可成,美系券商,減碼,重申,減碼,,,195.0,217.0,--
20200311,6505-台塑化,美系券商,加碼,降級,減碼,,115.0,70.0,82.6,--
20200311,1326-台化,美系券商,減碼,重申,減碼,,75.0,65.0,71.1,--
20200311,1303-南亞,美系券商,中立,重申,中立,,,75.0,60.1,--
20200311,2474-可成,亞系券商,減碼,重申,減碼,,215.0,195.0,217.0,--
20200311,1301-台塑,美系券商,加碼,重申,加碼,,115.0,100.0,83.2,--
20200306,3081-聯亞,美系券商,中立,降級,減碼,,230.0,210.0,258.0,--
20200306,6415-F-矽力,美系券商,中立,升級,加碼,,999.0,1298.0,1200.0,--
20200305,2327-國巨,亞系券商,--,首次,超越市場表現,,,570.0,339.5,--
20200305,2327-國巨,美系券商,加碼,重申,加碼,,,566.0,339.5,--
20200305,5274-信驊,亞系券商,中立,升級,買進,,831.0,1150.0,1085.0,--
20200305,2330-台積電,美系券商,加碼,重申,加碼,,,368.0,306.5,--
20200304,8436-大江,亞系券商,中立,重申,中立,,330.0,255.0,233.5,--
20200304,8436-大江,美系券商,賣出,重申,賣出,,,190.0,233.5,--
20200303,8436-大江,亞系券商,低於市場表現,重申,低於市場表現,,288.0,210.0,233.5,--
20200303,6412-群電,美系券商,加碼,重申,加碼,,75.0,75.0,56.8,--
20200303,3008-大立光,亞系券商,買進,重申,買進,,5500.0,5240.0,3850.0,--
20200302,8436-大江,亞系券商,減碼,重申,減碼,,,190.0,233.5,--
20200227,2317-鴻海,美系券商,加碼,重申,加碼,,105.0,105.0,75.8,--
20200226,2379-瑞昱,歐系券商,中立,降級,賣出,,230.0,200.0,230.5,--
20200225,4915-致伸,亞系券商,買進,降級,中立,,67.0,56.0,47.75,--
20200225,4551-智伸科,亞系券商,無,首次,買進,,,200.0,133.0,--
20200219,2439-美律,亞系券商,中立,重申,中立,,164.0,152.0,132.0,--
20200219,2439-美律,美系券商,中立,重申,中立,,145.0,140.0,132.0,--
20200217,3105-穩懋,美系券商,加碼,降級,中立,,345.0,285.0,274.0,--
20200213,3443-創意,美系券商,中立,降級,減碼,,265.0,218.0,243.5,--
20200213,3443-創意,亞系券商,中立,重申,中立,,,257.0,243.5,--
20200210,2454-聯發科,歐系券商,超越市場表現,重申,超越市場表現,,500.0,480.0,368.0,--
20200210,2454-聯發科,亞系券商,買進,重申,買進,,510.0,523.0,368.0,--
20200210,2454-聯發科,美系券商,買進,重申,買進,,460.0,450.0,368.0,--
20200209,2454-聯發科,美系券商,買進,重申,買進,,440.0,420.0,368.0,--
20200208,2454-聯發科,美系券商,加碼,重申,加碼,,510.0,470.0,368.0,--
20200207,2327-國巨,美系券商,加碼,重申,加碼,,420.0,505.0,339.5,--
20200205,2408-南亞科,美系券商,中立,升級,加碼,,70.0,105.0,61.1,--
20200120,1477-聚陽,亞系券商,買進,降級,低於市場表現,,180.0,153.0,116.5,--
20200120,1477-聚陽,歐系券商,低於市場表現,重申,低於市場表現,,,145.0,116.5,--
20200119,1477-聚陽,亞系券商,買進,降級,中立,,195.0,166.0,116.5,--
20200117,6670-,美系券商,無,首次,加碼,,,250.0,153.5,--
20200115,3218-大學光,亞系券商,無,首次,超越市場表現,,,120.0,74.0,--
20200114,6488-,歐系券商,中立,升級,超越市場表現,,335.0,500.0,379.5,--
20200110,3008-大立光,美系券商,買進,重申,買進,,5550.0,5550.0,3850.0,--
20200109,3034-聯詠,歐系券商,中立,升級,超越市場表現,,240.0,265.0,185.0,--
20200108,2327-國巨,亞系券商,中立,重申,中立,,315.0,350.0,339.5,--
20200107,3034-聯詠,美系券商,買進,重申,買進,,240.0,260.0,185.0,--
20200107,2395-研華,歐系券商,超越市場表現,重申,超越市場表現,,295.0,335.0,279.0,--
20200103,2360-致茂,亞系券商,買進,重申,買進,,160.0,171.0,137.5,--
20200102,3406-玉晶光,美系券商,加碼,首次,加碼,,630.0,670.0,465.5,--
20200102,3406-玉晶光,亞系券商,無,首次,買進,,,668.0,465.5,--
20191227,2474-可成,美系券商,減碼,重申,減碼,,210.0,195.0,217.0,--
20191223,8299-群聯,亞系券商,中立,升級,買進,,375.0,400.0,270.5,--
20191219,2327-國巨,亞系券商,--,首次,買進,,,500.0,339.5,--
20191213,3711-,美系券商,加碼,重申,加碼,,92.0,92.0,66.8,--
20191213,3711-,亞系券商,超越市場表現,重申,超越市場表現,,,90.0,66.8,--
20191205,4551-智伸科,亞系券商,無,首次,買進,,,238.0,133.0,--
20191128,2474-可成,美系券商,減碼,重申,減碼,,,210.0,217.0,--
20191127,6147-頎邦,美系券商,加碼,降級,中立,,90.0,56.0,56.0,--
20191122,2454-聯發科,亞系券商,減碼,重申,減碼,,277.0,306.0,368.0,--
20191115,3037-欣興,美系券商,賣出,升級,買進,,33.5,60.0,38.1,--
20191114,1477-聚陽,亞系券商,超越市場表現,降級,中立,,205.0,152.0,116.5,--
20191102,1590-F-亞德,亞系券商,買進,重申,買進,,415.0,447.0,497.0,--
20191101,1590-F-亞德,美系券商,加碼,重申,加碼,,450.0,460.0,497.0,--
20191101,2317-鴻海,美系券商,加碼,重申,加碼,,,100.0,75.8,--
20191101,1590-F-亞德,亞系券商,買進,重申,買進,,382.0,500.0,497.0,--
20191101,1590-F-亞德,歐系券商,超越市場表現,重申,超越市場表現,,450.0,460.0,497.0,--
20191031,2454-聯發科,亞系券商,買進,重申,買進,,500.0,530.0,368.0,--
20191031,2454-聯發科,美系券商,加碼,重申,加碼,,449.0,459.0,368.0,--
20191031,2454-聯發科,歐系券商,超越市場表現,重申,超越市場表現,,440.0,450.0,368.0,--
20191030,2454-聯發科,亞系券商,買進,重申,買進,,460.0,460.0,368.0,--
20191030,2454-聯發科,美系券商,加碼,重申,加碼,,430.0,470.0,368.0,--
20191024,2454-聯發科,美系券商,加碼,重申,加碼,,,449.0,368.0,--
20191024,3665-F-貿聯,亞系券商,無,首次,超越市場表現,,,236.0,179.5,--
20191023,2317-鴻海,亞系券商,買進,重申,買進,,,105.0,75.8,--
20191023,2912-統一超,美系券商,減碼,升級,加碼,,250.0,345.0,287.0,--
20191004,6121-新普,美系券商,無,首次,買進,,,340.0,298.0,--
20191003,2454-聯發科,亞系券商,買進,重申,買進,,370.0,460.0,368.0,--
20191002,3044-健鼎,亞系券商,買進,降級,中立,,120.0,120.0,103.0,--
20191002,3023-信邦,亞系券商,買進,重申,買進,,,158.0,127.0,--
20191001,3008-大立光,美系券商,加碼,重申,加碼,,,5200.0,3850.0,--
20191001,2330-台積電,美系券商,買進,重申,買進,,295.0,340.0,306.5,--
20190926,2330-台積電,美系券商,加碼,重申,加碼,,280.0,320.0,306.5,--
20190925,2308-台達電,美系券商,中立,重申,中立,,165.0,150.0,134.5,--
20190925,2308-台達電,亞系券商,買進,重申,買進,,196.0,182.0,134.5,--
20190919,2454-聯發科,美系券商,買進,首次,買進,,393.0,480.0,368.0,--
20190919,2330-台積電,美系券商,買進,重申,買進,,280.0,300.0,306.5,--
20190919,3008-大立光,美系券商,中立,升級,買進,,4000.0,4950.0,3850.0,--
20190918,2317-鴻海,亞系券商,買進,重申,買進,,,105.0,75.8,--
20190918,6239-力成,美系券商,無,首次,加碼,,,105.0,97.0,--
20190917,6412-群電,美系券商,加碼,重申,加碼,,60.0,70.0,56.8,--
20190916,6147-頎邦,亞系券商,中立,降級,減碼,,77.0,56.0,56.0,--
20190912,2454-聯發科,美系券商,中立,升級,加碼,,345.0,449.0,368.0,--
20190911,6176-瑞儀,美系券商,中立,升級,加碼,,123.0,143.0,92.8,--
20190910,1590-F-亞德,歐系券商,中立,升級,超越市場表現,,340.0,390.0,497.0,--
20190904,1590-F-亞德,美系券商,減碼,重申,減碼,,,200.0,497.0,--
20190904,1590-F-亞德,亞系券商,買進,重申,買進,,,382.0,497.0,--
20190904,3034-聯詠,歐系券商,中立,重申,中立,,172.0,185.0,185.0,--
20190902,3037-欣興,歐系券商,超越市場表現,重申,超越市場表現,,36.0,46.0,38.1,--
20190902,3034-聯詠,美系券商,--,首次,買進,,,240.0,185.0,--
20190830,3034-聯詠,美系券商,買進,重申,買進,,,225.0,185.0,--
20190830,2330-台積電,亞系券商,超越市場表現,重申,超越市場表現,,,310.0,306.5,--
20190829,2395-研華,亞系券商,中立,升級,買進,,275.0,300.0,279.0,--
20190829,3034-聯詠,亞系券商,買進,重申,買進,,198.0,207.0,185.0,--
20190828,2330-台積電,歐系券商,超越市場表現,重申,超越市場表現,,,290.0,306.5,--
20190828,2330-台積電,美系券商,加碼,重申,加碼,,,280.0,306.5,--
20190827,2379-瑞昱,亞系券商,超越市場表現,降級,賣出,,222.0,186.0,230.5,--
20190801,2454-聯發科,亞系券商,買進,重申,買進,,352.0,365.0,368.0,--
20190801,2454-聯發科,美系券商,加碼,重申,加碼,,350.0,370.0,368.0,--
20190731,2454-聯發科,亞系券商,買進,重申,買進,,370.0,380.0,368.0,--
20190731,2454-聯發科,歐系券商,超越市場表現,重申,超越市場表現,,365.0,365.0,368.0,--
20190731,3081-聯亞,亞系券商,持有,重申,持有,,275.0,241.0,258.0,--
20190730,3081-聯亞,亞系券商,中立,重申,中立,,284.0,261.0,258.0,--
20190729,2330-台積電,美系券商,中立,重申,中立,,,236.0,306.5,--
20190729,8436-大江,亞系券商,超越市場表現,降級,中立,,630.0,455.0,233.5,--
20190729,2439-美律,亞系券商,買進,降級,中立,,213.0,168.0,132.0,--
20190729,2439-美律,美系券商,加碼,降級,中立,,215.0,170.0,132.0,--
20190728,2439-美律,美系券商,中立,重申,中立,,140.0,130.0,132.0,--
20190728,8436-大江,亞系券商,買進,重申,買進,,540.0,535.0,233.5,--
20190726,2344-華邦電,美系券商,中立,升級,加碼,,17.5,22.5,13.3,--
20190724,2317-鴻海,亞系券商,買進,重申,買進,,110.0,110.0,75.8,--
20190724,2317-鴻海,美系券商,加碼,重申,加碼,,100.0,100.0,75.8,--
20190724,3105-穩懋,美系券商,中立,重申,中立,,220.0,300.0,274.0,--
20190724,3105-穩懋,亞系券商,中立,重申,中立,,180.0,227.0,274.0,--
20190719,2330-台積電,亞系券商,低於市場表現,升級,買進,,239.0,325.0,306.5,--
20190719,2330-台積電,美系券商,買進,重申,買進,,286.0,314.0,306.5,--
20190718,2330-台積電,亞系券商,買進,升級,買進,,271.0,292.0,306.5,--
20190718,2330-台積電,歐系券商,超越市場表現,重申,超越市場表現,,270.0,290.0,306.5,--
20190718,2330-台積電,美系券商,加碼,重申,加碼,,275.0,280.0,306.5,--
20190717,3037-欣興,亞系券商,買進,重申,買進,,43.0,46.0,38.1,--
20190717,2330-台積電,亞系券商,買進,重申,買進,,305.0,295.0,306.5,--
20190711,2454-聯發科,歐系券商,超越市場表現,重申,超越市場表現,,,365.0,368.0,--
20190711,2454-聯發科,亞系券商,買進,重申,買進,,,370.0,368.0,--
20190711,1565-精華,美系券商,減碼,重申,減碼,,480.0,450.0,328.0,--
20190709,2327-國巨,美系券商,減碼,重申,減碼,,,199.0,339.5,--
20190705,2330-台積電,亞系券商,買進,重申,買進,,,271.0,306.5,--
20190705,5274-信驊,美系券商,加碼,降級,中立,,760.0,633.0,1085.0,--
20190705,2330-台積電,美系券商,中立,重申,中立,,,219.0,306.5,--
20190618,3105-穩懋,美系券商,加碼,重申,加碼,,185.0,220.0,274.0,--
20190617,2330-台積電,亞系券商,買進,重申,買進,,,271.0,306.5,--
20190611,9938-百和,美系券商,減碼,升級,加碼,,45.0,100.0,62.8,--
20190611,1476-儒鴻,美系券商,加碼,重申,加碼,,495.0,500.0,280.0,--
20190611,1477-聚陽,美系券商,加碼,重申,加碼,,245.0,255.0,116.5,--
20190611,9910-豐泰,美系券商,加碼,重申,加碼,,265.0,270.0,146.0,--
20190610,2379-瑞昱,歐系券商,賣出,升級,中立,,102.0,215.0,230.5,--
20190610,2379-瑞昱,亞系券商,無,首次,買進,,,260.0,230.5,--
20190606,9921-巨大,亞系券商,無,首次,超越市場表現,,,252.0,141.5,--
20190606,9914-美利達,亞系券商,-,首次,買進,,,200.0,123.0,--
20190530,2454-聯發科,亞系券商,買進,重申,買進,,335.0,335.0,368.0,--
20190530,2454-聯發科,美系券商,加碼,重申,加碼,,350.0,350.0,368.0,--
20190530,2454-聯發科,歐系券商,超越市場表現,重申,超越市場表現,,365.0,365.0,368.0,--
20190522,3105-穩懋,亞系券商,減碼,升級,買進,,125.0,185.0,274.0,--
20190516,2317-鴻海,歐系券商,賣出,重申,賣出,,86.5,71.5,75.8,--
20190516,4938-和碩,歐系券商,賣出,重申,賣出,,,49.0,65.1,--
20190516,3231-緯創,歐系券商,賣出,重申,賣出,,,17.5,26.05,--
20190516,2382-廣達,歐系券商,買進,重申,買進,,,65.0,62.8,--
20190516,2356-英業達,歐系券商,買進,重申,買進,,,28.0,23.6,--
20190516,2317-鴻海,美系券商,低於市場表現,重申,低於市場表現,,83.0,75.0,75.8,--
20190509,2231-為升,亞系券商,賣出,升級,買進,,289.0,340.0,145.0,--
20190509,2231-為升,歐系券商,買進,重申,買進,,,364.0,145.0,--
20190507,6456-GIS-KY,亞系券商,中立,重申,中立,,113.0,110.0,87.4,--
20190506,6456-GIS-KY,亞系券商,中立,降級,低於市場表現,,110.0,102.0,87.4,--
20190503,2308-台達電,美系券商,加碼,降級,中立,,160.0,165.0,134.5,--
20190430,2379-瑞昱,亞系券商,賣出,升級,買進,,133.0,250.0,230.5,--
20190425,8436-大江,歐系券商,超越市場表現,重申,超越市場表現,,525.0,550.0,233.5,--
20190425,8436-大江,亞系券商,買進,重申,買進,,608.0,650.0,233.5,--
20190425,2303-聯電,美系券商,減碼,升級,中立,,9.5,12.0,15.05,--
20190425,2303-聯電,歐系券商,低於市場表現,升級,中立,,10.3,12.0,15.05,--
20190425,2303-聯電,亞系券商,減碼,升級,中立,,9.1,11.3,15.05,--
20190424,2303-聯電,亞系券商,中立,重申,中立,,11.4,13.0,15.05,--
20190424,8436-大江,亞系券商,買進,重申,買進,,,610.0,233.5,--
20190423,3023-信邦,亞系券商,買進,重申,買進,,107.0,120.0,127.0,--
20190418,3105-穩懋,美系券商,中立,升級,加碼,,190.0,249.0,274.0,--
20190418,3105-穩懋,亞系券商,低於市場表現,升級,超越市場表現,,105.0,245.0,274.0,--
20190417,2317-鴻海,亞系券商,買進,重申,買進,,93.5,110.0,75.8,--
20190412,6488-,歐系券商,超越市場表現,降級,中立,,395.0,352.0,379.5,--
20190412,3008-大立光,歐系券商,買進,重申,買進,,5850.0,6000.0,3850.0,--
20190412,3008-大立光,美系券商,加碼,重申,加碼,,4200.0,5300.0,3850.0,--
20190412,3008-大立光,亞系券商,買進,重申,買進,,5608.0,6196.0,3850.0,--
20190410,3008-大立光,歐系券商,超越市場表現,重申,超越市場表現,,5050.0,5400.0,3850.0,--
20190322,8436-大江,歐系券商,無,首次,超越市場表現,,,525.0,233.5,--
20190321,5274-信驊,亞系券商,加碼,重申,加碼,,758.0,968.0,1085.0,--
20190319,3008-大立光,歐系券商,中立,升級,買進,,3200.0,5850.0,3850.0,--
20190318,4938-和碩,亞系券商,中立,降級,減碼,,51.0,45.0,65.1,--
20190315,4938-和碩,亞系券商,中立,降級,減碼,,51.0,45.0,65.1,--
20190315,3665-F-貿聯,歐系券商,買進,重申,買進,,224.0,242.0,179.5,--
20190314,3665-F-貿聯,亞系券商,買進,重申,買進,,218.0,242.0,179.5,--
20190313,3665-F-貿聯,亞系券商,超越市場表現,重申,超越市場表現,,229.0,229.0,179.5,--
20190221,2439-美律,亞系券商,買進,重申,買進,,159.0,190.0,132.0,--
20190219,3189-景碩,美系券商,加碼,降級,中立,,59.0,40.0,47.25,--
20190215,3105-穩懋,美系券商,減碼,重申,減碼,,87.0,119.0,274.0,--
20190215,3105-穩懋,亞系券商,減碼,重申,減碼,,90.0,86.0,274.0,--
20190215,3034-聯詠,歐系券商,超越市場表現,重申,超越市場表現,,175.0,190.0,185.0,--
20190215,3034-聯詠,亞系券商,中立,重申,中立,,173.0,186.0,185.0,--
20190214,3034-聯詠,亞系券商,賣出,升級,低於市場表現,,117.0,154.0,185.0,--
20190214,3034-聯詠,美系券商,中立,首次,中立,,140.0,160.0,185.0,--
20190213,4966-F-譜瑞,亞系券商,買進,重申,買進,,510.0,590.0,692.0,--
20190212,3105-穩懋,美系券商,無,首次,買進,,,195.0,274.0,--
20190128,3034-聯詠,亞系券商,中立,重申,中立,,151.0,173.0,185.0,--
20190125,5264-F-鎧勝,美系券商,買進,重申,買進,,65.0,65.0,44.65,--
20190124,5264-F-鎧勝,歐系券商,超越市場表現,降級,中立,,70.0,50.0,44.65,--
20190124,5264-F-鎧勝,亞系券商,買進,重申,買進,,65.0,65.0,44.65,--
20190124,5264-F-鎧勝,美系券商,買進,重申,買進,,65.0,65.0,44.65,--
20190123,5264-F-鎧勝,亞系券商,中立,重申,中立,,43.5,47.5,44.65,--
20190121,2377-微星,美系券商,無,首次,買進,,,103.0,93.0,--
20190121,3034-聯詠,亞系券商,減碼,升級,加碼,,115.0,179.0,185.0,--
20190118,2330-台積電,亞系券商,超越市場表現,降級,低於市場表現,,240.0,211.0,306.5,--
20190118,2330-台積電,美系券商,買進,重申,買進,,260.0,240.0,306.5,--
20190117,2330-台積電,美系券商,中立,重申,中立,,220.0,210.0,306.5,--
20190117,2330-台積電,亞系券商,買進,重申,買進,,260.0,254.0,306.5,--
20190117,2353-宏碁,美系券商,中立,升級,低於市場表現,,21.0,16.0,15.75,--
20190117,2327-國巨,美系券商,加碼,重申,加碼,,600.0,500.0,339.5,--
20190114,6488-,美系券商,無,首次,減碼,,,244.0,379.5,--
20190104,8436-大江,美系券商,買進,重申,買進,,600.0,620.0,233.5,--
20190104,2474-可成,美系券商,中立,降級,賣出,,230.0,175.0,217.0,--
20190102,5871-F-中租,美系券商,買進,重申,買進,,116.0,116.0,99.5,--
20181219,6462-,美系券商,中立,升級,加碼,,145.0,235.0,161.0,--
20181217,8299-群聯,美系券商,加碼,降級,中立,,,240.0,270.5,--
20181217,2408-南亞科,美系券商,中立,重申,中立,,60.0,56.0,61.1,--
20181214,2357-華碩,歐系券商,低於市場表現,重申,低於市場表現,,183.0,183.0,198.0,--
20181214,2357-華碩,美系券商,中立,重申,中立,,220.0,220.0,198.0,--
20181214,2357-華碩,亞系券商,中立,重申,中立,,217.0,217.0,198.0,--
20181213,2327-國巨,美系券商,無,首次,減碼,,,260.0,339.5,--
20181212,2330-台積電,歐系券商,超越市場表現,重申,超越市場表現,,270.0,250.0,306.5,--
20181212,2474-可成,美系券商,買進,降級,中立,,350.0,230.0,217.0,--
20181212,2354-鴻準,美系券商,中立,降級,賣出,,76.0,52.0,54.5,--
20181210,1476-儒鴻,美系券商,中立,升級,加碼,,385.0,400.0,280.0,--
20181210,3034-聯詠,美系券商,無,首次,減碼,,,115.0,185.0,--
20181210,1590-F-亞德,亞系券商,中立,升級,買進,,280.0,390.0,497.0,--
20181207,3673-TPK-KY,美系券商,中立,重申,中立,,55.0,45.0,41.6,--
20181206,3008-大立光,歐系券商,買進,重申,買進,,5400.0,4800.0,3850.0,--
20181205,1477-聚陽,亞系券商,低於市場表現,重申,低於市場表現,,101.0,95.0,116.5,--
20181130,2454-聯發科,美系券商,減碼,重申,減碼,,205.0,205.0,368.0,--
20181129,8436-大江,美系券商,無,首次,買進,,,600.0,233.5,--
20181129,6415-F-矽力,亞系券商,減碼,升級,加碼,,531.0,500.0,1200.0,--
20181129,2347-聯強,歐系券商,中立,升級,超越市場表現,,38.0,44.0,38.45,--
20181129,2439-美律,亞系券商,買進,重申,買進,,200.0,195.0,132.0,--
20181127,2408-南亞科,美系券商,中立,降級,減碼,,52.0,49.0,61.1,--
20181123,2317-鴻海,歐系券商,中立,重申,中立,,80.0,76.0,75.8,--
20181121,2474-可成,歐系券商,超越市場表現,降級,中立,,380.0,290.0,217.0,--
20181121,2439-美律,歐系券商,超越市場表現,降級,中立,,162.0,135.0,132.0,--
20181121,3008-大立光,歐系券商,超越市場表現,重申,超越市場表現,,4900.0,4700.0,3850.0,--
20181121,2308-台達電,歐系券商,超越市場表現,重申,超越市場表現,,155.0,150.0,134.5,--
20181121,3008-大立光,亞系券商,買進,重申,買進,,5000.0,4200.0,3850.0,--
20181121,2303-聯電,亞系券商,中立,重申,中立,,240.0,225.0,15.05,--
20181119,1565-精華,美系券商,中立,降級,減碼,,700.0,440.0,328.0,--
20181119,8406-F-金可,美系券商,減碼,升級,加碼,,200.0,230.0,141.0,--
20181116,2454-聯發科,美系券商,加碼,降級,減碼,,290.0,205.0,368.0,--
20181107,1565-精華,亞系券商,賣出,重申,賣出,,550.0,488.0,328.0,--
20181107,1565-精華,美系券商,中立,重申,中立,,680.0,580.0,328.0,--
20181107,4938-和碩,亞系券商,買進,降級,中立,,72.0,57.0,65.1,--
20181107,6147-頎邦,亞系券商,買進,降級,中立,,72.0,57.0,56.0,--
20181107,2474-可成,亞系券商,買進,重申,買進,,470.0,380.0,217.0,--
20181107,2439-美律,亞系券商,買進,重申,買進,,182.0,159.0,132.0,--
20181106,3008-大立光,美系券商,減碼,重申,減碼,,,2850.0,3850.0,--
20181105,6510-,美系券商,加碼,降級,中立,,1200.0,450.0,625.0,--
20181102,3673-TPK-KY,亞系券商,中立,重申,中立,,60.0,55.0,41.6,--
20181101,2327-國巨,亞系券商,買進,降級,買進,,770.0,700.0,339.5,--
20181101,2327-國巨,美系券商,買進,降級,中立,,759.0,335.0,339.5,--
20181031,2327-國巨,美系券商,加碼,降級,加碼,,770.0,700.0,339.5,--
20181031,2379-瑞昱,美系券商,加碼,重申,加碼,,161.0,175.0,230.5,--
20181031,4958-F-臻鼎,美系券商,加碼,重申,加碼,,,93.0,102.5,--
20181030,2308-台達電,亞系券商,買進,重申,買進,,,140.0,134.5,--
20181030,2308-台達電,美系券商,加碼,重申,加碼,,,135.0,134.5,--
20181030,1590-F-亞德,美系券商,加碼,重申,加碼,,445.0,360.0,497.0,--
20181030,1590-F-亞德,亞系券商,超越市場表現,降級,中立,,380.0,260.0,497.0,--
20181030,1590-F-亞德,歐系券商,中立,重申,中立,,270.0,248.0,497.0,--
20181029,1590-F-亞德,歐系券商,中立,重申,中立,,300.0,275.0,497.0,--
20181029,1590-F-亞德,亞系券商,中立,重申,中立,,319.0,280.0,497.0,--
20181029,2308-台達電,美系券商,加碼,重申,加碼,,,160.0,134.5,--
20181028,1590-F-亞德,歐系券商,賣出,重申,賣出,,240.0,217.0,497.0,--
20181028,1590-F-亞德,美系券商,減碼,重申,減碼,,,200.0,497.0,--
20181026,2317-鴻海,美系券商,中立,重申,中立,,82.0,82.0,75.8,--
20181026,2308-台達電,美系券商,無,首次,買進,,,159.0,134.5,--
20181025,1590-F-亞德,美系券商,--,首次,賣出,,,211.0,497.0,--
20181025,2049-上銀,美系券商,--,首次,賣出,,,180.0,245.0,--
20181024,2455-全新,美系券商,加碼,降級,中立,,125.0,66.0,86.0,--
20181022,6176-瑞儀,亞系券商,中立,重申,中立,,56.0,77.3,92.8,--
20181022,6176-瑞儀,歐系券商,買進,重申,買進,,90.0,96.0,92.8,--
20181018,2231-為升,亞系券商,超越市場表現,降級,中立,,376.0,167.0,145.0,--
20181018,2454-聯發科,亞系券商,超越市場表現,重申,超越市場表現,,400.0,350.0,368.0,--
20181015,6505-台塑化,亞系券商,買進,重申,買進,,,163.0,82.6,--
20181014,6505-台塑化,亞系券商,中立,重申,中立,,,121.0,82.6,--
20181013,6505-台塑化,亞系券商,低於市場表現,重申,低於市場表現,,,98.0,82.6,--
20181011,3711-,美系券商,加碼,降級,中立,,95.0,75.0,66.8,--
20181011,2303-聯電,美系券商,中立,降級,減碼,,17.5,12.0,15.05,--
20181011,2330-台積電,美系券商,中立,重申,中立,,290.0,285.0,306.5,--
20181011,2454-聯發科,美系券商,加碼,重申,加碼,,350.0,310.0,368.0,--
20181009,4966-F-譜瑞,亞系券商,--,首次,賣出,,,380.0,692.0,--
20181008,3532-台勝科,亞系券商,買進,重申,買進,,77.0,112.0,131.5,--
20181003,2049-上銀,美系券商,中立,重申,中立,,330.0,270.0,245.0,--
20181003,2327-國巨,美系券商,加碼,重申,加碼,,1550.0,770.0,339.5,--
20181002,2327-國巨,美系券商,--,首次,買進,,,759.0,339.5,--
20180927,5274-信驊,美系券商,中立,重申,中立,,777.0,707.0,1085.0,--
20180927,2308-台達電,美系券商,中立,升級,加碼,,115.0,160.0,134.5,--
20180926,1476-儒鴻,歐系券商,買進,降級,中立,,435.0,425.0,280.0,--
20180921,3008-大立光,美系券商,中立,降級,減碼,,4700.0,3300.0,3850.0,--
20180919,5871-F-中租,歐系券商,-,首次,超越市場表現,,,120.0,99.5,--
20180918,3008-大立光,亞系券商,買進,降級,超越市場表現,,5500.0,4900.0,3850.0,--
20180917,2912-統一超,歐系券商,中立,升級,超越市場表現,,235.0,335.0,287.0,--
20180917,5903-全家,歐系券商,中立,重申,中立,,180.0,210.0,220.0,--
20180917,8150-南茂,歐系券商,超越市場表現,重申,超越市場表現,,33.0,34.0,29.0,--
20180913,9910-豐泰,亞系券商,買進,重申,買進,,195.0,220.0,146.0,--
20180912,9910-豐泰,亞系券商,超越市場表現,重申,超越市場表現,,170.0,203.0,146.0,--
20180912,9910-豐泰,美系券商,加碼,重申,加碼,,195.0,215.0,146.0,--
20180910,6462-,美系券商,減碼,重申,減碼,,,109.0,161.0,--
20180910,6488-,亞系券商,買進,降級,賣出,,475.0,298.0,379.5,--
20180910,3532-台勝科,亞系券商,超越市場表現,降級,賣出,,111.0,77.0,131.5,--
20180910,5347-世界,亞系券商,買進,降級,超越市場表現,,92.0,77.0,68.2,--
20180906,3008-大立光,美系券商,持有,重申,持有,,,4700.0,3850.0,--
20180905,1301-台塑,亞系券商,買進,重申,買進,,,128.0,83.2,--
20180905,1476-儒鴻,亞系券商,超越市場表現,重申,超越市場表現,,401.0,400.0,280.0,--
20180904,1477-聚陽,亞系券商,買進,降級,中立,,113.0,112.0,116.5,--
20180831,6488-,亞系券商,超越市場表現,降級,中立,,450.0,400.0,379.5,--
20180831,2439-美律,亞系券商,買進,重申,買進,,190.0,200.0,132.0,--
20180831,6456-GIS-KY,亞系券商,超越市場表現,降級,低於市場表現,,216.0,129.0,87.4,--
20180829,2308-台達電,歐系券商,-,首次,超越市場表現,,,150.0,134.5,--
20180829,2301-光寶科,歐系券商,無,首次,中立,,,41.0,42.95,--
20180829,2385-群光,歐系券商,-,首次,超越市場表現,,,81.0,81.8,--
20180824,6274-台燿,亞系券商,買進,重申,買進,,140.0,141.0,129.0,--
20180823,2393-億光,美系券商,賣出,重申,賣出,,34.0,18.0,29.3,--
20180823,2317-鴻海,美系券商,中立,重申,中立,,,85.0,75.8,--
20180822,2317-鴻海,美系券商,加碼,降級,中立,,108.0,82.0,75.8,--
20180822,9910-豐泰,亞系券商,買進,重申,買進,,175.0,210.0,146.0,--
20180822,2049-上銀,美系券商,減碼,重申,減碼,,,250.0,245.0,--
20180821,2330-台積電,亞系券商,超越市場表現,重申,超越市場表現,,,280.0,306.5,--
20180821,2330-台積電,美系券商,買進,重申,買進,,,280.0,306.5,--
20180821,3034-聯詠,亞系券商,低於市場表現,升級,中立,,90.0,145.0,185.0,--
20180820,2376-技嘉,歐系券商,低於市場表現,重申,低於市場表現,,,46.0,53.2,--
20180815,2337-旺宏,美系券商,加碼,降級,減碼,,63.0,31.0,31.3,--
20180810,2049-上銀,亞系券商,中立,重申,中立,,433.0,310.0,245.0,--
20180810,2049-上銀,美系券商,減碼,重申,減碼,,,250.0,245.0,--
20180810,1216-統一,亞系券商,買進,重申,買進,,,76.0,67.8,--
20180810,2231-為升,亞系券商,買進,降級,中立,,425.0,317.0,145.0,--
20180810,2231-為升,美系券商,減碼,重申,減碼,,,275.0,145.0,--
20180809,5871-F-中租,美系券商,加碼,重申,加碼,,112.5,123.0,99.5,--
20180809,5871-F-中租,亞系券商,買進,重申,買進,,119.61,125.0,99.5,--
20180807,2912-統一超,亞系券商,持有,升級,買進,,284.0,358.0,287.0,--
20180806,3443-創意,美系券商,加碼,降級,中立,,309.0,320.0,243.5,--
20180806,2049-上銀,美系券商,中立,降級,減碼,,291.0,250.0,245.0,--
20180806,1590-F-亞德,美系券商,加碼,降級,中立,,523.0,350.0,497.0,--
20180803,5264-F-鎧勝,亞系券商,中立,重申,中立,,79.5,70.6,44.65,--
20180803,5264-F-鎧勝,美系券商,減碼,重申,減碼,,52.0,45.0,44.65,--
20180803,2379-瑞昱,美系券商,減碼,升級,加碼,,105.0,155.0,230.5,--
20180802,5264-F-鎧勝,亞系券商,中立,重申,中立,,77.0,65.0,44.65,--
20180802,8299-群聯,美系券商,減碼,升級,加碼,,299.0,309.0,270.5,--
20180801,9951-皇田,美系券商,中立,升級,加碼,,180.0,140.0,65.6,--
20180801,2360-致茂,美系券商,加碼,重申,加碼,,200.0,210.0,137.5,--
20180801,2360-致茂,亞系券商,買進,重申,買進,,190.0,218.0,137.5,--
20180731,3081-聯亞,亞系券商,買進,降級,賣出,,411.0,276.0,258.0,--
20180731,3443-創意,亞系券商,買進,重申,買進,,500.0,520.0,243.5,--
20180730,3081-聯亞,亞系券商,中立,重申,中立,,366.0,320.0,258.0,--
20180727,3673-TPK-KY,歐系券商,超越市場表現,降級,中立,,115.0,68.0,41.6,--
20180727,3673-TPK-KY,美系券商,中立,重申,中立,,75.0,62.0,41.6,--
20180727,3673-TPK-KY,亞系券商,中立,重申,中立,,70.0,60.0,41.6,--
20180726,2303-聯電,美系券商,中立,重申,中立,,15.5,17.5,15.05,--
20180726,2303-聯電,亞系券商,超越市場表現,重申,超越市場表現,,18.0,20.2,15.05,--
20180726,6488-,美系券商,無,首次,買進,,,755.0,379.5,--
20180726,6488-,歐系券商,無,首次,超越市場表現,,,620.0,379.5,--
20180725,2912-統一超,美系券商,持有,降級,賣出,,290.0,296.0,287.0,--
20180725,5371-中光電,歐系券商,中立,升級,超越市場表現,,40.0,52.0,31.5,--
20180725,2303-聯電,亞系券商,低於市場表現,重申,低於市場表現,,14.0,14.5,15.05,--
20180725,6488-,歐系券商,無,首次,超越市場表現,,,620.0,379.5,--
20180725,2360-致茂,美系券商,加碼,重申,加碼,,180.0,200.0,137.5,--
20180725,1216-統一,美系券商,無,首次,買進,,,96.0,67.8,--
20180724,2303-聯電,亞系券商,賣出,重申,賣出,,11.6,12.0,15.05,--
20180723,3673-TPK-KY,亞系券商,中立,降級,賣出,,68.0,48.0,41.6,--
20180723,3105-穩懋,美系券商,加碼,降級,中立,,300.0,225.0,274.0,--
20180723,3105-穩懋,亞系券商,買進,降級,中立,,300.0,194.0,274.0,--
20180722,3105-穩懋,亞系券商,減碼,重申,減碼,,200.0,160.0,274.0,--
20180721,3105-穩懋,亞系券商,賣出,重申,賣出,,147.0,100.0,274.0,--
20180719,2377-微星,歐系券商,超越市場表現,降級,中立,,98.0,80.0,93.0,--
20180719,2376-技嘉,歐系券商,低於市場表現,重申,低於市場表現,,54.0,46.0,53.2,--
20180719,2357-華碩,歐系券商,中立,重申,中立,,278.0,255.0,198.0,--
20180719,4966-F-譜瑞,美系券商,加碼,降級,中立,,615.0,555.0,692.0,--
20180718,2408-南亞科,美系券商,加碼,降級,中立,,113.0,94.0,61.1,--
20180718,2330-台積電,亞系券商,買進,重申,買進,,268.0,266.0,306.5,--
20180718,2330-台積電,美系券商,中立,重申,中立,,239.0,229.0,306.5,--
20180717,2330-台積電,亞系券商,中立,重申,中立,,228.0,225.0,306.5,--
20180717,2408-南亞科,美系券商,中立,重申,中立,,,93.0,61.1,--
20180713,3008-大立光,亞系券商,買進,重申,買進,,5330.0,6370.0,3850.0,--
20180713,3008-大立光,歐系券商,超越市場表現,重申,超越市場表現,,5200.0,5700.0,3850.0,--
20180713,3008-大立光,美系券商,加碼,重申,加碼,,5200.0,5500.0,3850.0,--
20180712,3008-大立光,亞系券商,買進,重申,買進,,5100.0,5600.0,3850.0,--
20180712,6176-瑞儀,美系券商,減碼,重申,減碼,,50.0,43.0,92.8,--
20180711,2412-中華電,亞系券商,中立,降級,賣出,,105.0,100.0,108.5,--
20180711,3045-台灣大,亞系券商,中立,降級,賣出,,100.0,90.0,106.0,--
20180711,4904-遠傳,亞系券商,中立,降級,賣出,,80.0,70.0,65.9,--
20180711,1590-F-亞德,亞系券商,買進,降級,中立,,605.0,364.0,497.0,--
20180711,2049-上銀,亞系券商,買進,降級,中立,,550.0,323.0,245.0,--
20180705,2327-國巨,亞系券商,買進,重申,買進,,1500.0,1550.0,339.5,--
20180629,2049-上銀,美系券商,買進,重申,買進,,580.0,479.0,245.0,--
20180622,2448-晶電,美系券商,減碼,重申,減碼,,,34.2,32.6,--
20180613,5264-F-鎧勝,亞系券商,買進,降級,中立,,118.0,79.5,44.65,--
20180612,3105-穩懋,美系券商,加碼,重申,加碼,,,360.0,274.0,--
20180607,6510-,美系券商,無,首次,加碼,,,1200.0,625.0,--
20180607,1476-儒鴻,亞系券商,買進,降級,低於市場表現,,460.0,399.0,280.0,--
20180606,3665-F-貿聯,美系券商,無,首次,超越市場表現,,,285.0,179.5,--
20180605,3665-F-貿聯,美系券商,無,首次,加碼,,,285.0,179.5,--
20180604,8436-大江,亞系券商,無,首次,買進,,,507.0,233.5,--
20180604,1707-葡萄王,亞系券商,無,首次,買進,,,298.0,193.0,--
20180531,6488-,亞系券商,超越市場表現,重申,超越市場表現,,560.0,720.0,379.5,--
20180531,6488-,美系券商,買進,重申,買進,,,755.0,379.5,--
20180530,3529-力旺,歐系券商,無,首次,超越市場表現,,,450.0,254.5,--
20180515,3711-,亞系券商,無,首次,買進,,,100.0,66.8,--
20180511,2049-上銀,亞系券商,中立,升級,超越市場表現,,285.0,505.0,245.0,--
20180511,2049-上銀,歐系券商,超越市場表現,重申,超越市場表現,,490.0,540.0,245.0,--
20180510,2049-上銀,亞系券商,超越市場表現,重申,超越市場表現,,437.0,524.0,245.0,--
20180510,5264-F-鎧勝,亞系券商,買進,降級,減碼,,77.0,54.0,44.65,--
20180510,2383-台光電,美系券商,中立,升級,加碼,,72.2,88.0,123.0,--
20180509,5264-F-鎧勝,亞系券商,賣出,重申,賣出,,72.15,66.7,44.65,--
20180509,5264-F-鎧勝,美系券商,減碼,重申,減碼,,,52.0,44.65,--
20180508,2498-宏達電,美系券商,中立,重申,中立,,82.0,70.0,30.05,--
20180507,2327-國巨,亞系券商,無,首次,買進,,,850.0,339.5,--
20180507,2481-強茂,亞系券商,無,首次,無,,,68.0,21.5,--
20180504,6456-GIS-KY,亞系券商,買進,降級,中立,,242.0,186.0,87.4,--
20180504,3673-TPK-KY,美系券商,中立,重申,中立,,85.0,75.0,41.6,--
20180504,3673-TPK-KY,亞系券商,中立,重申,中立,,99.0,70.0,41.6,--
20180503,3673-TPK-KY,亞系券商,買進,降級,中立,,113.0,64.0,41.6,--
20180503,6153-嘉聯益,亞系券商,無,首次,買進,,,67.0,27.15,--
20180503,6488-,美系券商,買進,重申,買進,,510.0,570.0,379.5,--
20180502,6274-台燿,亞系券商,買進,重申,買進,,,110.0,129.0,--
20180502,2383-台光電,亞系券商,中立,重申,中立,,,85.0,123.0,--
20180502,1303-南亞,亞系券商,買進,重申,買進,,,93.0,60.1,--
20180502,6213-聯茂,亞系券商,買進,重申,買進,,,84.5,143.0,--
20180426,2345-智邦,亞系券商,超越市場表現,重申,超越市場表現,,140.0,129.0,206.0,--
20180425,2379-瑞昱,美系券商,中立,降級,減碼,,113.0,105.0,230.5,--
20180425,2379-瑞昱,亞系券商,買進,重申,買進,,151.0,145.0,230.5,--
20180424,3105-穩懋,美系券商,加碼,重申,加碼,,400.0,360.0,274.0,--
20180424,3105-穩懋,亞系券商,超越市場表現,重申,超越市場表現,,370.0,350.0,274.0,--
20180423,3105-穩懋,亞系券商,賣出,重申,賣出,,152.0,147.0,274.0,--
20180419,2454-聯發科,美系券商,加碼,重申,加碼,,415.0,425.0,368.0,--
20180419,2454-聯發科,亞系券商,買進,重申,買進,,,440.0,368.0,--
20180418,2454-聯發科,亞系券商,買進,重申,買進,,,415.0,368.0,--
20180416,9938-百和,亞系券商,買進,重申,買進,,172.0,100.0,62.8,--
20180416,9938-百和,美系券商,減碼,重申,減碼,,67.0,60.0,62.8,--
20180412,2454-聯發科,美系券商,買進,重申,買進,,418.0,418.0,368.0,--
20180411,1476-儒鴻,亞系券商,買進,重申,買進,,375.0,425.0,280.0,--
20180411,1476-儒鴻,美系券商,買進,重申,買進,,450.0,460.0,280.0,--
20180410,3008-大立光,美系券商,中立,重申,中立,,3650.0,3200.0,3850.0,--
20180410,6462-,美系券商,減碼,重申,減碼,,,140.0,161.0,--
20180409,5274-信驊,亞系券商,加碼,重申,加碼,,777.0,1170.0,1085.0,--
20180402,2474-可成,美系券商,加碼,重申,加碼,,430.0,470.0,217.0,--
20180329,5483-中美晶,亞系券商,--,首次,超越市場表現,,,150.0,86.4,--
20180327,6488-,亞系券商,超越市場表現,重申,超越市場表現,,480.0,560.0,379.5,--
20180322,2408-南亞科,美系券商,買進,重申,買進,,,113.0,61.1,--
20180322,6488-,美系券商,買進,重申,買進,,,510.0,379.5,--
20180315,2448-晶電,美系券商,中立,降級,減碼,,49.6,40.0,32.6,--
20180312,5274-信驊,亞系券商,買進,重申,買進,,805.0,1005.0,1085.0,--
20180312,5274-信驊,美系券商,加碼,重申,加碼,,,1000.0,1085.0,--
20180312,3231-緯創,美系券商,加碼,重申,加碼,,,32.0,26.05,--
20180312,3105-穩懋,美系券商,加碼,重申,加碼,,360.0,400.0,274.0,--
20180311,3231-緯創,美系券商,減碼,升級,加碼,,21.0,35.0,26.05,--
20180307,2231-為升,亞系券商,中立,升級,超越市場表現,,304.0,412.0,145.0,--
20180306,2474-可成,美系券商,買進,重申,買進,,420.0,430.0,217.0,--
20180306,2474-可成,亞系券商,買進,重申,買進,,420.0,430.0,217.0,--
20180306,2474-可成,歐系券商,超越市場表現,重申,超越市場表現,,385.0,410.0,217.0,--
20180305,2474-可成,美系券商,中立,升級,加碼,,325.0,430.0,217.0,--
20180305,2474-可成,亞系券商,買進,重申,買進,,,550.0,217.0,--
20180223,2360-致茂,美系券商,加碼,重申,加碼,,,180.0,137.5,--
20180223,2360-致茂,亞系券商,中立,升級,買進,,134.0,180.0,137.5,--
20180223,2360-致茂,歐系券商,超越市場表現,重申,超越市場表現,,,196.0,137.5,--
20180222,6462-,美系券商,加碼,降級,中立,,380.0,150.0,161.0,--
20180222,2360-致茂,亞系券商,買進,重申,買進,,156.0,190.0,137.5,--
20180221,2330-台積電,歐系券商,中立,升級,超越市場表現,,259.0,275.0,306.5,--
20180221,2439-美律,美系券商,加碼,重申,加碼,,,330.0,132.0,--
20180220,2439-美律,美系券商,中立,重申,中立,,,180.0,132.0,--
20180212,2357-華碩,亞系券商,減碼,重申,減碼,,228.0,234.5,198.0,--
20180212,2357-華碩,美系券商,中立,重申,中立,,230.0,230.0,198.0,--
20180208,1565-精華,美系券商,加碼,降級,中立,,1100.0,1000.0,328.0,--
20180206,2439-美律,美系券商,中立,重申,中立,,210.0,180.0,132.0,--
20180201,2337-旺宏,美系券商,加碼,重申,加碼,,61.0,63.0,31.3,--
20180201,2337-旺宏,亞系券商,買進,重申,買進,,75.0,75.0,31.3,--
20180131,3189-景碩,美系券商,中立,降級,減碼,,61.0,45.0,47.25,--
20180131,3189-景碩,亞系券商,低於市場表現,重申,低於市場表現,,45.0,37.0,47.25,--
20180130,3189-景碩,亞系券商,中立,重申,中立,,64.0,55.0,47.25,--
20180125,2353-宏碁,亞系券商,中立,降級,減碼,,15.5,23.3,15.75,--
20180124,2421-建準,亞系券商,-,首次,買進,,,65.0,37.7,--
20180123,2330-台積電,美系券商,中立,升級,買進,,213.0,287.0,306.5,--
20180123,3023-信邦,美系券商,-,首次,買進,,,103.0,127.0,--
20180122,4915-致伸,美系券商,-,首次,買進,,,96.0,47.75,--
20180122,2356-英業達,美系券商,無,首次,買進,,,31.0,23.6,--
20180118,2454-聯發科,亞系券商,買進,重申,買進,,520.0,520.0,368.0,--
20180117,5347-世界,亞系券商,中立,升級,買進,,54.0,80.0,68.2,--
20180116,3034-聯詠,亞系券商,買進,重申,買進,,129.0,163.0,185.0,--
20180116,2379-瑞昱,亞系券商,超越市場表現,首次,無,,,145.0,230.5,--
20180115,2439-美律,亞系券商,買進,降級,中立,,249.0,205.0,132.0,--
20180115,4966-F-譜瑞,亞系券商,超越市場表現,重申,超越市場表現,,610.0,800.0,692.0,--
20180112,3008-大立光,歐系券商,買進,重申,買進,,5200.0,4200.0,3850.0,--
20180112,3008-大立光,美系券商,中立,重申,中立,,3916.0,3361.0,3850.0,--
20180112,3008-大立光,亞系券商,買進,重申,買進,,5500.0,5000.0,3850.0,--
20180111,6147-頎邦,亞系券商,買進,重申,買進,,52.0,80.0,56.0,--
20180111,3008-大立光,亞系券商,買進,重申,買進,,,4960.0,3850.0,--
20180110,3008-大立光,亞系券商,中立,升級,買進,,5930.0,4200.0,3850.0,--
20180110,3189-景碩,亞系券商,中立,重申,中立,,62.5,53.5,47.25,--
20180109,6488-,歐系券商,買進,重申,買進,,400.0,530.0,379.5,--
20180108,2379-瑞昱,歐系券商,超越市場表現,重申,超越市場表現,,128.0,130.0,230.5,--
20180105,3105-穩懋,美系券商,加碼,重申,加碼,,340.0,380.0,274.0,--
20180105,2474-可成,美系券商,中立,重申,中立,,370.0,325.0,217.0,--
20180105,2474-可成,亞系券商,賣出,重申,賣出,,305.0,295.0,217.0,--
20180104,2317-鴻海,亞系券商,中立,重申,中立,,108.0,95.0,75.8,--
20180104,1536-和大,歐系券商,中立,降級,賣出,,134.0,122.0,86.7,--
